model_version,ny_days,mae,rmse,r2,skill_score,peak_mae
v1,0,0.16572612197769998,0.37646021826271797,,,
v1,7,0.14954042753659513,0.29503205069242744,,,
v1,30,0.13248548446361588,0.2598630904275601,,,
v1,90,0.10458647242714286,0.21568560647029467,,,
