model_version,ny_days,skill_score,persistence_mae,model_mae
v1,0,28.993500411097205,,
v1,7,34.8200956355185,,
v1,30,37.26804396190458,,
v1,90,41.961490622662,,
